{
    "StartTime": 0.0,
    "EndTime": 10.0,
    "CameraAnimation": {
        "interpolation": 2,
        "tension": 0.5,
        "keyframes": [
            {
                "time": 0.0,
                "value": {
                    "pos": [
                        1274.3001708984376,
                        204.8365020751953,
                        -13.321953773498536
                    ],
                    "up": [
                        -0.0509587824344635,
                        0.9986894130706787,
                        -0.004793293308466673
                    ],
                    "forward": [
                        -0.9943004250526428,
                        -0.05118371546268463,
                        -0.09352605044841767
                    ]
                }
            },
            {
                "time": 2.453000068664551,
                "value": {
                    "pos": [
                        -1038.1590576171876,
                        164.1266326904297,
                        -41.85654830932617
                    ],
                    "up": [
                        -0.03669549152255058,
                        0.999324381351471,
                        -0.0020565949380397798
                    ],
                    "forward": [
                        -0.9977586269378662,
                        -0.03675307705998421,
                        -0.05591927468776703
                    ]
                }
            },
            {
                "time": 6.26300048828125,
                "value": {
                    "pos": [
                        2154.620361328125,
                        1585.082763671875,
                        24.798633575439454
                    ],
                    "up": [
                        -0.2810738682746887,
                        0.9596209526062012,
                        -0.011188925243914128
                    ],
                    "forward": [
                        -0.9588615298271179,
                        -0.2812964916229248,
                        -0.038170140236616138
                    ]
                }
            },
            {
                "time": 10.719000816345215,
                "value": {
                    "pos": [
                        2128.524169921875,
                        112.29964447021485,
                        25.076427459716798
                    ],
                    "up": [
                        0.05357148125767708,
                        0.9985640645027161,
                        0.00039571369416080415
                    ],
                    "forward": [
                        -0.9985367059707642,
                        0.05357293784618378,
                        -0.007375838700681925
                    ]
                }
            }
        ]
    },
    "Subtitles": {
        "keyframes": [
            {
                "time": 0.0,
                "value": ""
            },
            {
                "time": 2.0,
                "value": "This is a demo camera animation"
            },
            {
                "time": 5.0,
                "value": ""
            },
            {
                "time": 11.0,
                "value": "Wow, you can also animate the sun direction!"
            },
            {
                "time": 15.0,
                "value": "And some booleans, like visualizations, too"
            }
        ]
    },
    "AnimatedVars": [
        {
            "Name": "ShowWaveTileCounts",
            "Type": 2,
            "Animation": {
                "interpolation": 0,
                "tension": 0.5,
                "keyframes": []
            }
        },
        {
            "Name": "SunOrientation",
            "Type": 0,
            "Animation": {
                "interpolation": 2,
                "tension": 0.5,
                "keyframes": [
                    {
                        "time": 0.0,
                        "value": -0.5
                    }
                ]
            }
        }
    ]
}